name,position,team,game,pass_yds,pass_tds,rush_yds,rec_yds,receptions,td_prob,half_ppr_points,games_played
Josh Allen,QB,BUF,BUF (Divisional),215.8,1.47,34.1,0.0,0.0,0,21.68,17
Christian McCaffrey,RB,SF,SF (Divisional),0.0,0.0,70.7,54.4,6.0,0,21.51,17
Matthew Stafford,QB,LAR,LAR (Divisional),276.9,2.71,0.1,0.0,0.0,0,20.96,17
Drake Maye,QB,NE,NE (Divisional),258.5,1.82,26.5,0.1,0.1,0,20.79,17
Trevor Lawrence,QB,JAX,JAX (Divisional),235.7,1.71,21.1,0.0,0.0,0,20.13,17
Jonathan Taylor,RB,IND,IND (Divisional),0.0,0.0,93.2,22.2,2.7,0,19.96,17
Brock Purdy,QB,SF,SF (Divisional),240.8,2.22,16.3,0.0,0.0,0,19.93,9
Bijan Robinson,RB,ATL,ATL (Divisional),0.0,0.0,86.9,48.2,4.6,0,19.72,17
Puka Nacua,WR,LAR,LAR (Divisional),0.0,0.0,6.6,107.2,8.1,0,19.53,16
Jahmyr Gibbs,RB,DET,DET (Divisional),0.0,0.0,71.9,36.2,4.5,0,19.44,17
Jalen Hurts,QB,PHI,PHI (Divisional),201.5,1.56,26.3,0.0,0.0,0,19.19,16
Caleb Williams,QB,CHI,CHI (Divisional),231.9,1.59,22.5,1.3,0.1,0,18.66,17
Dak Prescott,QB,DAL,DAL (Divisional),267.8,1.76,10.4,0.0,0.0,0,18.34,17
De'Von Achane,RB,MIA,MIA (Divisional),0.0,0.0,84.4,30.5,4.2,0,18.08,16
Jared Goff,QB,DET,DET (Divisional),268.5,2.0,2.6,0.0,0.0,0,18.06,17
Justin Herbert,QB,LAC,LAC (Divisional),232.9,1.62,31.1,0.0,0.0,0,18.05,16
Jaxon Smith-Njigba,WR,SEA,SEA (Divisional),0.0,0.0,2.1,105.5,7.0,0,17.79,17
Bo Nix,QB,DEN,DEN (Divisional),231.2,1.47,20.9,0.0,0.0,0,17.7,17
Jaxson Dart,QB,NYG,NYG (Divisional),162.3,1.07,34.8,0.0,0.0,0,17.4,14
James Cook,RB,BUF,BUF (Divisional),0.0,0.0,95.4,17.1,1.9,0,17.16,17
Lamar Jackson,QB,BAL,BAL (Divisional),196.1,1.62,26.8,0.0,0.0,0,16.84,13
Joe Burrow,QB,CIN,CIN (Divisional),226.1,2.12,5.1,0.0,0.0,0,16.81,8
Jacoby Brissett,QB,ARI,ARI (Divisional),240.4,1.64,12.0,0.0,0.0,0,16.67,14
Jayden Daniels,QB,WAS,WAS (Divisional),180.3,1.14,39.7,0.0,0.0,0,16.61,7
Derrick Henry,RB,BAL,BAL (Divisional),0.0,0.0,93.8,8.8,0.9,0,16.35,17
Baker Mayfield,QB,TB,TB (Divisional),217.2,1.53,22.5,0.0,0.0,0,16.11,17
Ja'Marr Chase,WR,CIN,CIN (Divisional),0.0,0.0,0.9,88.2,7.8,0,15.82,16
Jordan Love,QB,GB,GB (Divisional),225.4,1.53,13.3,0.0,0.0,0,15.68,15
Amon-Ra St. Brown,WR,DET,DET (Divisional),0.0,0.0,0.5,82.4,6.9,0,15.62,17
Jameis Winston,QB,NYG,NYG (Divisional),189.0,0.67,7.7,11.0,0.3,0,14.93,3
C.J. Stroud,QB,HOU,HOU (Divisional),217.2,1.36,14.9,0.0,0.0,0,14.9,14
Trey McBride,TE,ARI,ARI (Divisional),0.0,0.0,0.0,72.9,7.4,0,14.88,17
Josh Jacobs,RB,GB,GB (Divisional),0.0,0.0,61.9,18.8,2.4,0,14.87,15
Kyren Williams,RB,LAR,LAR (Divisional),0.0,0.0,73.6,16.5,2.1,0,14.66,17
Tyler Shough,QB,NO,NO (Divisional),216.7,0.91,16.9,0.0,0.0,0,14.54,11
Chase Brown,RB,CIN,CIN (Divisional),0.0,0.0,59.9,25.7,4.1,0,14.48,17
Sam Darnold,QB,SEA,SEA (Divisional),238.1,1.47,5.6,0.0,0.0,0,14.32,17
George Pickens,WR,DAL,DAL (Divisional),0.0,0.0,0.0,84.1,5.5,0,14.32,17
Aaron Rodgers,QB,PIT,PIT (Divisional),207.6,1.5,3.8,-0.6,0.1,0,14.16,16
Bryce Young,QB,CAR,CAR (Divisional),188.2,1.44,13.5,0.0,0.0,0,14.0,16
Drake London,WR,ATL,ATL (Divisional),0.0,0.0,0.0,76.6,5.7,0,13.99,12
Travis Etienne,RB,JAX,JAX (Divisional),0.0,0.0,65.1,17.2,2.1,0,13.88,17
Davante Adams,WR,LAR,LAR (Divisional),0.0,0.0,0.0,56.4,4.3,0,13.78,14
Chris Olave,WR,NO,NO (Divisional),0.0,0.0,-0.2,72.7,6.2,0,13.62,16
D'Andre Swift,RB,CHI,CHI (Divisional),0.0,0.0,67.9,18.7,2.1,0,13.47,16
Saquon Barkley,RB,PHI,PHI (Divisional),0.0,0.0,71.2,17.1,2.3,0,13.36,16
Omarion Hampton,RB,LAC,LAC (Divisional),0.0,0.0,60.6,21.3,3.6,0,13.3,9
Malik Willis,QB,GB,GB (Divisional),105.5,0.75,30.8,0.0,0.0,0,13.29,4
Ashton Jeanty,RB,LV,LV (Divisional),0.0,0.0,57.4,20.4,3.2,0,12.92,17
J.J. McCarthy,QB,MIN,MIN (Divisional),163.2,1.1,18.1,0.0,0.0,0,12.74,10
Nico Collins,WR,HOU,HOU (Divisional),0.0,0.0,1.0,74.5,4.7,0,12.71,15
Bucky Irving,RB,TB,TB (Divisional),0.0,0.0,58.8,27.7,3.0,0,12.55,10
Jaylen Warren,RB,PIT,PIT (Divisional),0.0,0.0,59.9,20.8,2.5,0,12.32,16
Zay Flowers,WR,BAL,BAL (Divisional),0.0,0.0,3.6,71.2,5.1,0,12.14,17
Breece Hall,RB,NYJ,NYJ (Divisional),0.2,0.06,66.6,21.9,2.2,0,12.1,16
A.J. Brown,WR,PHI,PHI (Divisional),0.0,0.0,0.0,66.9,5.2,0,12.09,15
George Kittle,TE,SF,SF (Divisional),0.0,0.0,-0.3,57.1,5.2,0,12.09,11
Tee Higgins,WR,CIN,CIN (Divisional),0.0,0.0,0.0,56.4,3.9,0,12.01,15
Mac Jones,QB,SF,SF (Divisional),195.5,1.18,5.5,0.0,0.0,0,12.0,11
Cam Ward,QB,TEN,TEN (Divisional),186.4,0.88,9.4,0.0,0.0,0,11.8,17
Rhamondre Stevenson,RB,NE,NE (Divisional),0.0,0.0,43.1,24.6,2.3,0,11.77,14
Marcus Mariota,QB,WAS,WAS (Divisional),154.1,0.91,27.0,0.0,0.0,0,11.77,11
Rico Dowdle,RB,CAR,CAR (Divisional),0.0,0.0,63.3,17.5,2.3,0,11.69,17
CeeDee Lamb,WR,DAL,DAL (Divisional),0.0,0.0,0.1,76.9,5.4,0,11.67,14
Geno Smith,QB,LV,LV (Divisional),201.7,1.27,7.3,0.0,0.0,0,11.59,15
Christian Watson,WR,GB,GB (Divisional),0.0,0.0,0.3,61.1,3.5,0,11.49,10
Tua Tagovailoa,QB,MIA,MIA (Divisional),190.0,1.43,3.1,0.0,0.0,0,11.48,14
Joe Flacco,QB,CIN,CIN (Divisional),190.7,1.15,2.7,0.0,0.0,0,11.44,13
Spencer Rattler,QB,NO,NO (Divisional),176.2,0.89,18.6,0.0,0.1,0,11.4,9
TreVeyon Henderson,RB,NE,NE (Divisional),0.0,0.0,53.6,13.0,2.1,0,11.22,17
Davis Mills,QB,HOU,HOU (Divisional),152.5,0.83,10.0,0.0,0.0,0,11.1,6
Jameson Williams,WR,DET,DET (Divisional),0.0,0.0,0.7,65.7,3.8,0,11.02,17
Kenneth Gainwell,RB,PIT,PIT (Divisional),0.0,0.0,31.6,28.6,4.3,0,10.99,17
RJ Harvey,RB,DEN,DEN (Divisional),0.0,0.0,31.8,20.9,2.8,0,10.89,17
Shedeur Sanders,QB,CLE,CLE (Divisional),175.0,0.88,21.1,0.0,0.0,0,10.86,8
Michael Wilson,WR,ARI,ARI (Divisional),0.0,0.0,0.0,59.2,4.6,0,10.68,17
Alec Pierce,WR,IND,IND (Divisional),0.0,0.0,0.0,66.9,3.1,0,10.65,15
Courtland Sutton,WR,DEN,DEN (Divisional),0.0,0.0,0.0,59.8,4.4,0,10.63,17
Zach Charbonnet,RB,SEA,SEA (Divisional),0.0,0.0,45.6,9.0,1.2,0,10.59,16
Kirk Cousins,QB,ATL,ATL (Divisional),172.1,1.0,0.7,0.0,0.0,0,10.55,10
Philip Rivers,QB,IND,IND (Divisional),181.3,1.33,-0.3,0.0,0.0,0,10.55,3
Quentin Johnston,WR,LAC,LAC (Divisional),0.0,0.0,0.5,52.5,3.6,0,10.55,14
DK Metcalf,WR,PIT,PIT (Divisional),0.0,0.0,0.8,56.7,3.9,0,10.51,15
Tetairoa McMillan,WR,CAR,CAR (Divisional),0.0,0.0,0.0,59.6,4.1,0,10.49,17
Kenneth Walker,RB,SEA,SEA (Divisional),0.0,0.0,60.4,16.6,1.8,0,10.38,17
Rome Odunze,WR,CHI,CHI (Divisional),0.0,0.0,0.0,55.1,3.7,0,10.34,12
Dallas Goedert,TE,PHI,PHI (Divisional),0.0,0.0,0.0,39.4,4.0,0,10.34,15
Tony Pollard,RB,TEN,TEN (Divisional),0.0,0.0,63.6,12.1,1.9,0,10.31,17
Tyrod Taylor,QB,NYJ,NYJ (Divisional),129.8,0.83,23.8,0.0,0.0,0,10.24,6
Jaylen Waddle,WR,MIA,MIA (Divisional),0.5,0.0,1.8,56.9,4.0,0,10.13,16
Phil Mafah,RB,DAL,DAL (Divisional),0.0,0.0,18.0,11.0,2.0,0,9.9,1
Stefon Diggs,WR,NE,NE (Divisional),0.0,0.0,0.0,59.6,5.0,0,9.87,17
Kyle Pitts,TE,ATL,ATL (Divisional),0.0,0.0,0.0,54.6,5.2,0,9.81,17
Jake Browning,QB,CIN,CIN (Divisional),154.2,1.2,7.8,0.0,0.0,0,9.75,5
Jauan Jennings,WR,SF,SF (Divisional),0.0,0.0,0.0,42.9,3.7,0,9.72,15
Tyrone Tracy,RB,NYG,NYG (Divisional),0.0,0.0,49.3,19.2,2.4,0,9.65,15
DeVonta Smith,WR,PHI,PHI (Divisional),0.0,0.0,0.0,59.3,4.5,0,9.61,17
Emeka Egbuka,WR,TB,TB (Divisional),0.0,0.0,0.5,55.2,3.7,0,9.54,17
Harold Fannin,TE,CLE,CLE (Divisional),0.0,0.0,0.8,45.7,4.5,0,9.53,16
Terry McLaurin,WR,WAS,WAS (Divisional),0.0,0.0,0.0,58.2,3.8,0,9.52,10
Deebo Samuel,WR,WAS,WAS (Divisional),0.0,0.0,4.7,45.4,4.5,0,9.51,16
Michael Pittman,WR,IND,IND (Divisional),0.0,0.0,0.0,46.1,4.7,0,9.44,17
Justin Jefferson,WR,MIN,MIN (Divisional),0.0,0.0,0.4,61.6,4.9,0,9.38,17
Ladd McConkey,WR,LAC,LAC (Divisional),0.0,0.0,0.0,49.3,4.1,0,9.24,16
David Montgomery,RB,DET,DET (Divisional),0.2,0.06,42.1,11.3,1.4,0,9.11,17
Travis Kelce,TE,KC,KC (Divisional),0.0,0.0,0.1,50.1,4.5,0,9.01,17
Parker Washington,WR,JAX,JAX (Divisional),0.0,0.0,0.0,52.9,3.6,0,8.98,16
Aaron Jones,RB,MIN,MIN (Divisional),0.0,0.0,45.7,16.6,2.3,0,8.89,12
Dalton Kincaid,TE,BUF,BUF (Divisional),0.0,0.0,0.0,47.6,3.2,0,8.88,12
Tyler Warren,TE,IND,IND (Divisional),0.0,0.0,0.5,48.1,4.5,0,8.85,17
Jake Ferguson,TE,DAL,DAL (Divisional),0.0,0.0,0.1,35.3,4.8,0,8.77,17
Jakobi Meyers,WR,JAX,JAX (Divisional),0.0,0.0,0.8,52.2,4.7,0,8.77,16
Hunter Henry,TE,NE,NE (Divisional),0.0,0.0,0.0,45.2,3.5,0,8.75,17
Mike Evans,WR,TB,TB (Divisional),0.0,0.0,0.0,46.0,3.8,0,8.73,8
DJ Moore,WR,CHI,CHI (Divisional),0.1,0.06,4.6,40.1,2.9,0,8.66,17
Juwan Johnson,TE,NO,NO (Divisional),0.0,0.0,0.0,52.3,4.5,0,8.55,17
Colston Loveland,TE,CHI,CHI (Divisional),0.0,0.0,-0.1,44.6,3.6,0,8.51,16
Romeo Doubs,WR,GB,GB (Divisional),0.0,0.0,0.0,45.2,3.4,0,8.49,16
Kimani Vidal,RB,LAC,LAC (Divisional),0.0,0.0,49.5,10.5,1.2,0,8.45,13
Keenan Allen,WR,LAC,LAC (Divisional),0.0,0.0,0.0,45.7,4.8,0,8.36,17
Woody Marks,RB,HOU,HOU (Divisional),0.0,0.0,43.9,13.0,1.5,0,8.32,16
Russell Wilson,QB,NYG,NYG (Divisional),138.5,0.5,17.7,0.0,0.0,0,8.31,6
Khalil Shakir,WR,BUF,BUF (Divisional),0.0,0.0,0.3,44.9,4.5,0,8.28,16
Troy Franklin,WR,DEN,DEN (Divisional),0.0,0.0,0.7,41.7,3.8,0,8.27,17
Jacory Croskey-Merritt,RB,WAS,WAS (Divisional),0.0,0.0,47.4,4.0,0.5,0,8.22,17
Brian Thomas,WR,JAX,JAX (Divisional),0.0,0.0,1.5,50.5,3.4,0,8.2,14
Quinn Ewers,QB,MIA,MIA (Divisional),155.5,0.75,4.8,-1.5,0.2,0,8.17,4
Jordan Addison,WR,MIN,MIN (Divisional),0.0,0.0,5.8,43.6,3.0,0,8.15,14
Kareem Hunt,RB,KC,KC (Divisional),0.0,0.0,35.9,8.4,1.1,0,8.14,17
Dalton Schultz,TE,HOU,HOU (Divisional),0.0,0.0,0.0,45.7,4.8,0,8.04,17
Tyler Huntley,QB,BAL,BAL (Divisional),85.2,0.4,30.2,0.0,0.0,0,8.03,5
Alvin Kamara,RB,NO,NO (Divisional),0.0,0.0,42.8,16.9,3.0,0,8.02,11
Brenton Strange,TE,JAX,JAX (Divisional),0.0,0.0,0.0,45.0,3.8,0,7.92,12
Kyle Monangai,RB,CHI,CHI (Divisional),0.0,0.0,46.1,9.6,1.1,0,7.86,17
Ricky Pearsall,WR,SF,SF (Divisional),0.0,0.0,-0.2,58.7,4.0,0,7.84,9
Tre Tucker,WR,LV,LV (Divisional),0.0,0.0,3.0,40.9,3.4,0,7.84,17
Jordan Mason,RB,MIN,MIN (Divisional),0.0,0.0,47.4,3.2,0.9,0,7.74,16
Kayshon Boutte,WR,NE,NE (Divisional),0.0,0.0,0.0,39.4,2.4,0,7.69,14
Theo Wease,WR,MIA,MIA (Divisional),0.0,0.0,0.0,46.3,2.0,0,7.63,3
Chuba Hubbard,RB,CAR,CAR (Divisional),0.0,0.0,34.1,14.9,2.0,0,7.49,15
Colby Parkinson,TE,LAR,LAR (Divisional),0.0,0.0,0.0,27.2,2.9,0,7.35,15
Mitchell Trubisky,QB,BUF,BUF (Divisional),78.2,1.0,1.5,0.0,0.0,0,7.28,4
Oronde Gadsden,TE,LAC,LAC (Divisional),0.0,0.0,0.0,44.3,3.3,0,7.26,15
Rachaad White,RB,TB,TB (Divisional),0.0,0.0,33.6,12.8,2.4,0,7.24,17
Chris Godwin,WR,TB,TB (Divisional),0.0,0.0,0.0,40.0,3.7,0,7.17,9
AJ Barner,TE,SEA,SEA (Divisional),0.0,0.0,0.8,30.5,3.1,0,7.14,17
Marquise Brown,WR,KC,KC (Divisional),0.0,0.0,0.0,36.7,3.1,0,7.08,16
Theo Johnson,TE,NYG,NYG (Divisional),0.0,0.0,0.0,35.2,3.0,0,7.02,15
Dillon Gabriel,QB,CLE,CLE (Divisional),93.7,0.7,8.6,0.0,0.0,0,7.01,10
Luther Burden,WR,CHI,CHI (Divisional),0.0,0.0,2.5,43.5,3.1,0,6.96,15
Chris Rodriguez,RB,WAS,WAS (Divisional),0.0,0.0,38.5,2.3,0.2,0,6.96,13
Blake Corum,RB,LAR,LAR (Divisional),0.0,0.0,43.9,2.1,0.5,0,6.95,17
Tyjae Spears,RB,TEN,TEN (Divisional),0.0,0.0,21.8,20.3,3.5,0,6.86,13
Josh Downs,WR,IND,IND (Divisional),0.0,0.0,-0.1,35.4,3.6,0,6.84,16
Tyler Allgeier,RB,ATL,ATL (Divisional),0.0,0.0,30.2,5.6,0.8,0,6.82,17
Jalen Coker,WR,CAR,CAR (Divisional),0.0,0.0,0.0,35.8,3.0,0,6.72,11
Riley Leonard,QB,IND,IND (Divisional),83.0,0.4,5.4,-0.6,0.0,0,6.6,5
Jawhar Jordan,RB,HOU,HOU (Divisional),0.0,0.0,48.2,8.5,1.8,0,6.55,4
Rashid Shaheed,WR,SEA,SEA (Divisional),0.0,0.0,3.8,38.2,3.3,0,6.51,18
Keon Coleman,WR,BUF,BUF (Divisional),0.0,0.0,0.0,31.1,2.9,0,6.42,13
Jayden Higgins,WR,HOU,HOU (Divisional),0.0,0.0,0.0,30.9,2.4,0,6.41,17
Michael Carter,RB,ARI,ARI (Divisional),0.0,0.0,25.6,20.5,2.5,0,6.35,13
Xavier Worthy,WR,KC,KC (Divisional),0.0,0.0,6.2,38.0,3.0,0,6.35,14
Mark Andrews,TE,BAL,BAL (Divisional),0.0,0.0,2.8,24.8,2.8,0,6.29,17
Albert Okwuegbunam,TE,LV,LV (Divisional),0.0,0.0,0.0,36.0,5.0,0,6.1,1
Audric Estime,RB,NO,NO (Divisional),0.0,0.0,28.3,14.7,1.7,0,6.01,7
Elic Ayomanor,WR,TEN,TEN (Divisional),0.0,0.0,0.0,32.2,2.6,0,6.0,16
Isiah Pacheco,RB,KC,KC (Divisional),0.0,0.0,35.5,7.8,1.5,0,5.98,13
Jalen McMillan,WR,TB,TB (Divisional),0.0,0.0,0.2,44.5,3.0,0,5.98,4
Ryan Flournoy,WR,DAL,DAL (Divisional),0.0,0.0,1.6,29.7,2.5,0,5.88,16
Tyler Higbee,TE,LAR,LAR (Divisional),0.0,0.0,0.0,28.1,2.5,0,5.86,10
T.J. Hockenson,TE,MIN,MIN (Divisional),0.0,0.0,0.0,29.2,3.4,0,5.82,15
David Njoku,TE,CLE,CLE (Divisional),0.0,0.0,0.0,24.4,2.8,0,5.82,12
Cooper Kupp,WR,SEA,SEA (Divisional),0.0,0.0,0.0,37.1,2.9,0,5.8,16
Cade Otton,TE,TB,TB (Divisional),0.0,0.0,0.0,35.8,3.7,0,5.79,16
Jerry Jeudy,WR,CLE,CLE (Divisional),0.0,0.0,0.3,35.4,2.9,0,5.75,17
Devin Singletary,RB,NYG,NYG (Divisional),0.0,0.0,25.7,8.9,1.1,0,5.75,17
Bhayshul Tuten,RB,JAX,JAX (Divisional),0.0,0.0,20.5,5.3,0.7,0,5.71,15
Brady Cook,QB,NYJ,NYJ (Divisional),147.8,0.4,9.8,0.0,0.0,0,5.69,5
Chig Okonkwo,TE,TEN,TEN (Divisional),0.0,0.0,0.0,32.9,3.3,0,5.65,17
Darius Slayton,WR,NYG,NYG (Divisional),0.0,0.0,0.0,38.4,2.6,0,5.59,14
Jayden Reed,WR,GB,GB (Divisional),0.0,0.0,4.0,29.6,2.7,0,5.57,7
Pat Freiermuth,TE,PIT,PIT (Divisional),0.0,0.0,0.0,28.6,2.4,0,5.48,17
Nick Chubb,RB,HOU,HOU (Divisional),0.0,0.0,33.7,4.5,0.9,0,5.45,15
Chimere Dike,WR,TEN,TEN (Divisional),0.0,0.0,1.1,24.9,2.8,0,5.42,17
Malik Washington,WR,MIA,MIA (Divisional),0.0,0.0,6.5,18.6,2.7,0,5.28,17
Josh Johnson,QB,WAS,WAS (Divisional),74.4,0.2,11.0,0.0,0.0,0,5.28,5
Ty Johnson,RB,BUF,BUF (Divisional),0.0,0.0,11.8,15.5,1.4,0,5.19,17
Greg Dulcich,TE,MIA,MIA (Divisional),0.0,0.0,-0.7,33.5,2.6,0,5.18,10
Sean Tucker,RB,TB,TB (Divisional),0.0,0.0,18.8,2.0,0.5,0,5.14,17
Chris Oladokun,QB,KC,KC (Divisional),78.3,0.33,6.0,0.0,0.0,0,5.07,3
Calvin Austin,WR,PIT,PIT (Divisional),0.0,0.0,0.0,26.6,2.2,0,5.05,14
Emanuel Wilson,RB,GB,GB (Divisional),0.0,0.0,29.2,5.8,0.9,0,5.0,17
Sterling Shepard,WR,TB,TB (Divisional),0.0,0.0,1.5,28.5,3.0,0,4.96,13
Jalen Nailor,WR,MIN,MIN (Divisional),0.0,0.0,0.8,26.1,1.7,0,4.95,17
Dawson Knox,TE,BUF,BUF (Divisional),0.0,0.0,0.0,24.5,2.1,0,4.92,17
KaVontae Turpin,WR,DAL,DAL (Divisional),0.0,0.0,5.9,26.4,1.7,0,4.9,15
Tez Johnson,WR,TB,TB (Divisional),0.0,0.0,1.4,20.1,1.8,0,4.9,16
Samaje Perine,RB,CIN,CIN (Divisional),0.0,0.0,25.5,5.8,1.1,0,4.89,15
Dylan Sampson,RB,CLE,CLE (Divisional),0.0,0.0,11.7,18.1,2.2,0,4.87,15
Evan Engram,TE,DEN,DEN (Divisional),0.0,0.0,0.4,28.8,3.1,0,4.86,16
Xavier Legette,WR,CAR,CAR (Divisional),0.0,0.0,0.0,24.2,2.3,0,4.79,15
Aidan O'Connell,QB,LV,LV (Divisional),102.0,0.0,7.0,0.0,0.0,0,4.78,1
Jaylen Wright,RB,MIA,MIA (Divisional),0.0,0.0,28.8,4.4,0.5,0,4.77,10
Xavier Hutchinson,WR,HOU,HOU (Divisional),0.0,0.0,1.3,25.2,2.1,0,4.74,17
DeMario Douglas,WR,NE,NE (Divisional),0.0,0.0,1.2,26.3,1.8,0,4.72,17
Marvin Mims,WR,DEN,DEN (Divisional),0.0,0.0,5.2,21.5,2.5,0,4.7,15
Raheim Sanders,RB,CLE,CLE (Divisional),0.0,0.0,23.0,5.2,0.8,0,4.7,4
Ronnie Bell,WR,NO,NO (Divisional),0.0,0.0,0.0,11.5,1.0,0,4.65,2
Kendrick Bourne,WR,SF,SF (Divisional),0.0,0.0,0.0,34.4,2.3,0,4.6,16
Adonai Mitchell,WR,NYJ,NYJ (Divisional),0.0,0.0,-0.2,28.3,2.1,0,4.59,16
Jake Tonges,TE,SF,SF (Divisional),0.0,0.0,0.0,17.2,2.0,0,4.49,17
Darnell Mooney,WR,ATL,ATL (Divisional),0.0,0.0,0.0,29.5,2.1,0,4.42,15
Mike Gesicki,TE,CIN,CIN (Divisional),0.0,0.0,0.0,23.6,2.2,0,4.36,13
Gunnar Helm,TE,TEN,TEN (Divisional),0.0,0.0,0.0,22.3,2.8,0,4.36,16
Dontayvion Wicks,WR,GB,GB (Divisional),0.0,0.0,0.4,23.7,2.1,0,4.34,14
Michael Mayer,TE,LV,LV (Divisional),0.0,0.0,0.0,25.2,2.7,0,4.33,13
Andrei Iosivas,WR,CIN,CIN (Divisional),0.0,0.0,0.8,25.6,1.9,0,4.32,17
Noah Fant,TE,CIN,CIN (Divisional),0.0,0.0,0.0,19.2,2.3,0,4.25,15
Gabe Davis,WR,BUF,BUF (Divisional),0.0,0.0,0.0,21.5,2.0,0,4.15,6
Emari Demercado,RB,ARI,ARI (Divisional),0.0,0.0,24.0,7.8,1.0,0,4.14,13
Olamide Zaccheaus,WR,CHI,CHI (Divisional),0.0,0.0,1.6,19.6,2.4,0,4.08,16
Jaret Patterson,RB,LAC,LAC (Divisional),0.0,0.0,26.5,1.3,0.5,0,4.03,6
Isaac TeSlaa,WR,DET,DET (Divisional),0.0,0.0,0.0,14.1,0.9,0,3.99,17
Jaydon Blue,RB,DAL,DAL (Divisional),0.0,0.0,25.8,1.0,0.2,0,3.98,5
Matthew Golden,WR,GB,GB (Divisional),0.0,0.0,3.5,25.8,2.1,0,3.96,14
Pat Bryant,WR,DEN,DEN (Divisional),0.0,0.0,0.0,25.2,2.1,0,3.95,15
Keaton Mitchell,RB,BAL,BAL (Divisional),0.0,0.0,26.2,4.8,0.7,0,3.92,13
Shane Buechele,QB,BUF,BUF (Divisional),88.0,0.0,4.0,0.0,0.0,0,3.92,1
Trey Lance,QB,LAC,LAC (Divisional),56.5,0.0,21.2,0.0,0.0,0,3.89,4
Jonnu Smith,TE,PIT,PIT (Divisional),0.0,0.0,4.1,13.1,2.2,0,3.89,17
Cole Kmet,TE,CHI,CHI (Divisional),0.0,0.0,0.0,21.7,1.9,0,3.86,16
Cedric Tillman,WR,CLE,CLE (Divisional),0.0,0.0,0.0,20.8,1.6,0,3.81,13
Jaleel McLaughlin,RB,DEN,DEN (Divisional),0.0,0.0,23.4,3.4,0.5,0,3.67,8
Isaiah Likely,TE,BAL,BAL (Divisional),0.0,0.0,0.0,21.9,1.9,0,3.59,14
Jeremy McNichols,RB,WAS,WAS (Divisional),0.0,0.0,13.0,11.5,1.5,0,3.54,17
John Metchie,WR,NYJ,NYJ (Divisional),0.0,0.0,-0.3,17.1,2.1,0,3.46,16
Brian Robinson,RB,SF,SF (Divisional),0.0,0.0,23.5,1.5,0.5,0,3.44,17
Joshua Palmer,WR,BUF,BUF (Divisional),0.0,0.0,0.0,25.2,1.8,0,3.44,12
Tanner McKee,QB,PHI,PHI (Divisional),68.5,0.25,2.0,0.0,0.0,0,3.44,4
Andy Dalton,QB,CAR,CAR (Divisional),73.2,0.25,-0.5,0.0,0.0,0,3.38,4
Rashod Bateman,WR,BAL,BAL (Divisional),0.0,0.0,0.0,17.2,1.5,0,3.38,13
Christian Kirk,WR,HOU,HOU (Divisional),0.0,0.0,0.0,18.4,2.2,0,3.38,13
JuJu Smith-Schuster,WR,KC,KC (Divisional),0.0,0.0,0.0,20.3,1.9,0,3.35,17
Terrance Ferguson,TE,LAR,LAR (Divisional),0.0,0.0,0.0,16.5,0.8,0,3.33,14
Kevin Austin,WR,NO,NO (Divisional),0.0,0.0,0.0,17.5,1.6,0,3.31,8
DeAndre Hopkins,WR,BAL,BAL (Divisional),0.0,0.0,0.0,19.4,1.3,0,3.29,17
Jaylin Noel,WR,HOU,HOU (Divisional),0.0,0.0,0.7,17.2,1.5,0,3.26,17
Kalif Raymond,WR,DET,DET (Divisional),0.0,0.0,1.3,19.3,1.6,0,3.25,15
Michael Bandy,WR,DEN,DEN (Divisional),0.0,0.0,0.0,12.5,1.0,0,3.25,4
Demarcus Robinson,WR,SF,SF (Divisional),0.0,0.0,0.4,19.7,1.6,0,3.23,14
Brittain Brown,RB,CHI,CHI (Divisional),0.0,0.0,12.3,0.0,0.0,0,3.23,3
Isaiah Hodgins,WR,NYG,NYG (Divisional),0.0,0.0,0.0,16.4,1.4,0,3.21,7
Tre' Harris,WR,LAC,LAC (Divisional),0.0,0.0,0.6,19.1,1.8,0,3.2,17
Josh Oliver,TE,MIN,MIN (Divisional),0.0,0.0,0.0,10.7,1.0,0,3.17,15
Daniel Bellinger,TE,NYG,NYG (Divisional),0.0,0.0,0.0,17.9,1.2,0,3.13,16
Ray Davis,RB,BUF,BUF (Divisional),0.0,0.0,16.2,5.1,0.6,0,3.12,17
Joe Milton,QB,DAL,DAL (Divisional),45.8,0.25,12.5,0.0,0.0,0,3.08,4
Tank Bigsby,RB,PHI,PHI (Divisional),0.0,0.0,20.9,1.9,0.2,0,3.08,17
Austin Hooper,TE,NE,NE (Divisional),0.0,0.0,0.0,16.4,1.3,0,3.05,16
Tyler Lockett,WR,LV,LV (Divisional),0.0,0.0,0.0,17.1,1.9,0,3.01,17
Treylon Burks,WR,WAS,WAS (Divisional),0.0,0.0,0.0,16.2,1.2,0,3.0,8
Jacoby Jones,WR,WAS,WAS (Divisional),0.0,0.0,0.0,25.0,1.0,0,3.0,1
Jared Wayne,WR,HOU,HOU (Divisional),0.0,0.0,0.0,20.0,2.0,0,3.0,1
Brashard Smith,RB,KC,KC (Divisional),0.0,0.0,8.9,10.1,1.5,0,2.99,17
Davis Allen,TE,LAR,LAR (Divisional),0.0,0.0,0.0,12.2,1.4,0,2.99,17
Dyami Brown,WR,JAX,JAX (Divisional),0.0,0.0,2.1,16.2,1.4,0,2.98,14
Ollie Gordon,RB,MIA,MIA (Divisional),0.0,0.0,11.7,1.9,0.4,0,2.98,17
Tommy Tremble,TE,CAR,CAR (Divisional),0.0,0.0,0.0,14.6,1.6,0,2.96,17
Hunter Long,TE,JAX,JAX (Divisional),0.0,0.0,0.0,9.4,1.3,0,2.94,9
Taysom Hill,TE,NO,NO (Divisional),4.4,0.08,8.8,7.0,0.8,0,2.94,13
Devontez Walker,WR,BAL,BAL (Divisional),0.0,0.0,0.0,11.3,0.5,0,2.88,12
Isaiah Bond,WR,CLE,CLE (Divisional),0.0,0.0,1.8,21.1,1.1,0,2.86,16
Mason Rudolph,QB,PIT,PIT (Divisional),51.7,0.33,1.0,0.0,0.0,0,2.83,6
Tutu Atwell,WR,LAR,LAR (Divisional),0.0,0.0,0.0,19.2,0.6,0,2.82,10
Lil'Jordan Humphrey,WR,DEN,DEN (Divisional),0.0,0.0,0.0,15.6,1.3,0,2.81,10
Xavier Restrepo,WR,TEN,TEN (Divisional),0.0,0.0,0.0,20.5,1.5,0,2.8,2
Shedrick Jackson,WR,LV,LV (Divisional),0.0,0.0,0.6,11.2,0.8,0,2.78,5
Tim Patrick,WR,JAX,JAX (Divisional),0.0,0.0,0.0,11.7,0.9,0,2.76,16
Jalen Tolbert,WR,DAL,DAL (Divisional),0.0,0.0,0.0,15.6,1.4,0,2.72,13
Elijah Moore,WR,DEN,DEN (Divisional),0.0,0.0,2.7,12.4,1.0,0,2.68,9
Brandin Cooks,WR,BUF,BUF (Divisional),0.0,0.0,0.0,18.6,1.6,0,2.66,15
Roman Wilson,WR,PIT,PIT (Divisional),0.0,0.0,0.0,12.8,0.9,0,2.66,13
Elijah Higgins,TE,ARI,ARI (Divisional),0.0,0.0,0.0,17.7,1.8,0,2.65,17
Tyler Johnson,WR,NYJ,NYJ (Divisional),0.0,0.0,0.0,16.4,1.0,0,2.64,12
Jahdae Walker,WR,CHI,CHI (Divisional),0.0,0.0,0.0,9.7,0.7,0,2.63,9
Jackson Hawes,TE,BUF,BUF (Divisional),0.0,0.0,0.0,11.0,0.9,0,2.63,17
Robbie Chosen,WR,WAS,WAS (Divisional),0.0,0.0,0.0,17.7,1.7,0,2.6,3
Kyle Williams,WR,NE,NE (Divisional),0.0,0.0,0.2,12.3,0.6,0,2.6,17
Tanner Hudson,TE,CIN,CIN (Divisional),0.0,0.0,0.0,11.2,1.3,0,2.55,15
Marquez Valdes-Scantling,WR,PIT,PIT (Divisional),0.0,0.0,0.0,12.0,1.4,0,2.5,10
Jakobie Keeney-James,WR,GB,GB (Divisional),0.0,0.0,0.0,15.0,2.0,0,2.5,1
Xavier Smith,WR,LAR,LAR (Divisional),0.0,0.0,0.0,18.9,1.1,0,2.46,16
Ty Chandler,RB,MIN,MIN (Divisional),0.0,0.0,15.7,3.7,1.0,0,2.43,3
Jahan Dotson,WR,PHI,PHI (Divisional),0.0,0.0,0.0,15.4,1.1,0,2.42,17
Isaiah Williams,WR,NYJ,NYJ (Divisional),0.0,0.0,2.3,12.9,1.7,0,2.38,15
Chris Moore,WR,WAS,WAS (Divisional),0.0,0.0,0.6,14.8,0.8,0,2.36,14
David Sills,WR,ATL,ATL (Divisional),0.0,0.0,0.0,11.2,1.1,0,2.36,17
Ameer Abdullah,RB,IND,IND (Divisional),0.0,0.0,4.6,7.6,1.2,0,2.3,13
Mitchell Evans,TE,CAR,CAR (Divisional),0.0,0.0,0.1,10.1,1.1,0,2.28,17
