name,position,team,total_vot,total_points
Drake Maye,QB,NE,48.59,48.59
Puka Nacua,WR,LAR,47.12,47.12
Jaxon Smith-Njigba,WR,SEA,38.94,38.94
Kyren Williams,RB,LAR,38.3,38.3
Matthew Stafford,QB,LAR,31.54,49.99
Christian McCaffrey,RB,SF,29.79,29.79
James Cook,RB,BUF,28.2,28.2
Travis Etienne,RB,JAX,27.31,27.31
Rhamondre Stevenson,RB,NE,26.83,26.83
TreVeyon Henderson,RB,NE,26.09,26.09
D'Andre Swift,RB,CHI,23.82,23.82
Zach Charbonnet,RB,SEA,23.18,23.18
Kenneth Walker,RB,SEA,22.72,22.72
Jaxson Dart,QB,NYG,21.92,21.92
Trevor Lawrence,QB,JAX,21.24,40.02
RJ Harvey,RB,DEN,20.9,20.9
Davante Adams,WR,LAR,20.74,20.74
Hunter Henry,TE,NE,20.56,20.56
Courtland Sutton,WR,DEN,20.4,20.4
Jahmyr Gibbs,RB,DET,20.26,20.26
Jaylen Warren,RB,PIT,19.36,19.36
Bijan Robinson,RB,ATL,18.91,18.91
Woody Marks,RB,HOU,18.49,18.49
Kenneth Gainwell,RB,PIT,17.6,17.6
George Kittle,TE,SF,17.54,17.54
Stefon Diggs,WR,NE,16.95,23.51
Jonathan Taylor,RB,IND,16.59,16.59
Derrick Henry,RB,BAL,16.48,16.48
Colby Parkinson,TE,LAR,16.37,16.37
Kyle Monangai,RB,CHI,16.36,16.36
Brenton Strange,TE,JAX,16.28,16.28
Blake Corum,RB,LAR,15.94,15.94
Josh Allen,QB,BUF,15.7,17.96
AJ Barner,TE,SEA,15.63,15.63
Ja'Marr Chase,WR,CIN,15.62,15.62
Colston Loveland,TE,CHI,15.31,15.31
Jakobi Meyers,WR,JAX,15.04,19.27
Tank Bigsby,RB,PHI,14.81,14.81
Dalton Schultz,TE,HOU,14.68,14.68
Amon-Ra St. Brown,WR,DET,14.67,14.67
Parker Washington,WR,JAX,14.23,18.56
Trey McBride,TE,ARI,14.17,14.17
CeeDee Lamb,WR,DAL,13.9,13.9
Bucky Irving,RB,TB,13.88,13.88
Saquon Barkley,RB,PHI,13.71,13.71
Ashton Jeanty,RB,LV,13.58,13.58
DJ Moore,WR,CHI,13.31,17.71
Emanuel Wilson,RB,GB,13.23,13.23
Tetairoa McMillan,WR,CAR,12.98,14.66
Chase Brown,RB,CIN,12.96,12.96
Jameson Williams,WR,DET,12.91,12.91
Rico Dowdle,RB,CAR,12.79,12.79
George Pickens,WR,DAL,12.78,12.78
Brian Thomas,WR,JAX,12.78,16.73
Audric Estime,RB,NO,12.67,12.67
Drake London,WR,ATL,12.57,12.57
A.J. Brown,WR,PHI,12.4,12.4
Michael Wilson,WR,ARI,12.3,12.3
Nico Collins,WR,HOU,12.07,12.07
Kayshon Boutte,WR,NE,12.07,17.18
Luther Burden,WR,CHI,12.05,15.58
Jayden Higgins,WR,HOU,11.95,15.64
Jordan Mason,RB,MIN,11.89,11.89
Zay Flowers,WR,BAL,11.87,11.87
Tyrone Tracy,RB,NYG,11.76,11.76
Jawhar Jordan,RB,HOU,11.56,11.56
Jaydon Blue,RB,DAL,11.51,11.51
Mike Evans,WR,TB,11.42,11.42
Justin Jefferson,WR,MIN,11.23,11.23
Tee Higgins,WR,CIN,11.21,11.21
Jauan Jennings,WR,SF,11.05,14.07
Juwan Johnson,TE,NO,11.0,11.0
Jaylen Wright,RB,MIA,10.99,10.99
Christian Watson,WR,GB,10.91,10.91
Darius Slayton,WR,NYG,10.62,10.62
Dallas Goedert,TE,PHI,10.61,10.61
Chris Rodriguez,RB,WAS,10.26,10.26
Dylan Sampson,RB,CLE,10.21,10.21
Terry McLaurin,WR,WAS,10.06,10.06
Kimani Vidal,RB,LAC,10.0,10.0
Dalton Kincaid,TE,BUF,9.81,9.81
Michael Mayer,TE,LV,9.7,9.7
Kene Nwangwu,RB,NYJ,9.64,9.64
Jaret Patterson,RB,LAC,9.59,9.59
Kyle Pitts,TE,ATL,9.57,9.57
Jahan Dotson,WR,PHI,9.44,10.95
Tony Pollard,RB,TEN,9.33,9.33
Josh Jacobs,RB,GB,9.31,9.31
Jalen Coker,WR,CAR,8.93,10.01
David Montgomery,RB,DET,8.86,8.86
Bhayshul Tuten,RB,JAX,8.79,8.79
Darius Cooper,WR,PHI,8.76,8.76
Chris Brooks,RB,GB,8.73,8.73
Khalil Herbert,RB,NYJ,8.67,8.67
Isaiah Hodgins,WR,NYG,8.62,8.62
Jerry Jeudy,WR,CLE,8.6,8.6
Michael Carter,RB,ARI,8.48,8.48
Chuba Hubbard,RB,CAR,8.47,8.47
Tre Tucker,WR,LV,8.44,8.44
Chris Godwin,WR,TB,8.41,8.41
Mark Andrews,TE,BAL,8.39,8.39
Khalil Shakir,WR,BUF,8.37,12.29
Ty Johnson,RB,BUF,8.34,8.34
Devin Singletary,RB,NYG,8.32,8.32
Tyler Warren,TE,IND,8.31,8.31
Deebo Samuel,WR,WAS,8.27,8.27
Chimere Dike,WR,TEN,8.24,8.24
Tyjae Spears,RB,TEN,8.23,8.23
Kevin Austin,WR,NO,8.07,8.07
Travis Kelce,TE,KC,8.07,8.07
Adonai Mitchell,WR,NYJ,8.05,8.05
Michael Pittman,WR,IND,7.87,7.87
DeMario Douglas,WR,NE,7.83,10.97
Raheim Sanders,RB,CLE,7.79,7.79
Matthew Golden,WR,GB,7.64,9.36
Alec Pierce,WR,IND,7.58,7.58
Troy Franklin,WR,DEN,7.54,15.87
Will Shipley,RB,PHI,7.48,7.48
Rashid Shaheed,WR,SEA,7.43,14.25
Chig Okonkwo,TE,TEN,7.42,7.42
Pat Freiermuth,TE,PIT,7.36,10.81
JuJu Smith-Schuster,WR,KC,7.35,7.35
Dante Pettis,WR,NO,7.33,7.33
Olamide Zaccheaus,WR,CHI,7.31,9.38
Christian Kirk,WR,HOU,7.25,9.19
Ryan Flournoy,WR,DAL,7.2,7.2
Jordan Addison,WR,MIN,7.1,7.1
Kareem Hunt,RB,KC,7.05,7.05
Jaleel McLaughlin,RB,DEN,7.04,7.04
Ollie Gordon,RB,MIA,7.03,7.03
Tyler Allgeier,RB,ATL,7.02,7.02
Marquise Brown,WR,KC,6.98,6.98
Keenan Allen,WR,LAC,6.97,9.7
Samaje Perine,RB,CIN,6.95,6.95
Greg Dulcich,TE,MIA,6.85,6.85
Jacory Croskey-Merritt,RB,WAS,6.82,6.82
Phil Mafah,RB,DAL,6.77,6.77
Oronde Gadsden,TE,LAC,6.76,6.76
Elic Ayomanor,WR,TEN,6.74,6.74
Emari Demercado,RB,ARI,6.69,6.69
Cooper Kupp,WR,SEA,6.62,12.7
Brashard Smith,RB,KC,6.6,6.6
Jaylin Noel,WR,HOU,6.56,8.44
Malik Washington,WR,MIA,6.55,6.55
Tre' Harris,WR,LAC,6.53,7.58
John Metchie,WR,NYJ,6.44,6.44
Daniel Bellinger,TE,NYG,6.31,6.31
Omarion Hampton,RB,LAC,6.3,6.3
Isaac TeSlaa,WR,DET,6.28,6.28
Jack Bech,WR,LV,6.24,6.24
Kyle Williams,WR,NE,6.23,7.95
Konata Mumpfield,WR,LAR,6.22,6.22
Josh Downs,WR,IND,6.2,6.2
Xavier Smith,WR,LAR,6.19,8.19
Grant Calcaterra,TE,PHI,6.16,6.16
Jalen McMillan,WR,TB,6.14,6.14
KeAndre Lambert-Smith,WR,LAC,6.1,6.1
Xavier Hutchinson,WR,HOU,6.02,8.74
Darnell Mooney,WR,ATL,5.95,5.95
Isaiah Likely,TE,BAL,5.91,5.91
Marquez Valdes-Scantling,WR,PIT,5.9,6.82
Calvin Austin,WR,PIT,5.87,7.74
Treylon Burks,WR,WAS,5.87,5.87
Blake Whiteheart,TE,CLE,5.79,5.79
Tyrell Shavers,WR,BUF,5.74,5.74
Malachi Corley,WR,CLE,5.7,5.7
Cade Otton,TE,TB,5.59,5.59
Jayden Reed,WR,GB,5.51,7.93
Tommy Tremble,TE,CAR,5.49,6.2
Ray Davis,RB,BUF,5.48,5.48
Theo Wease,WR,MIA,5.44,5.44
Xavier Legette,WR,CAR,5.36,6.12
Jake Ferguson,TE,DAL,5.35,5.35
Britain Covey,WR,PHI,5.35,5.35
Isaiah Williams,WR,NYJ,5.32,5.32
Bo Melton,WR,GB,5.26,5.26
Josh Oliver,TE,MIN,5.21,5.21
Nick Chubb,RB,HOU,5.18,5.18
Keon Coleman,WR,BUF,5.12,8.16
Taysom Hill,TE,NO,5.11,5.11
Jonnu Smith,TE,PIT,5.08,7.53
Jalen Royals,WR,KC,5.08,5.08
Adam Thielen,WR,PIT,4.99,4.99
Keaton Mitchell,RB,BAL,4.88,4.88
Mike Gesicki,TE,CIN,4.86,4.86
Emeka Egbuka,WR,TB,4.81,4.81
Gabe Davis,WR,BUF,4.8,6.76
Romeo Doubs,WR,GB,4.75,8.43
Ty Chandler,RB,MIN,4.68,4.68
Jalen Nailor,WR,MIN,4.63,4.63
Dameon Pierce,RB,KC,4.54,4.54
Andrei Iosivas,WR,CIN,4.53,4.53
Joshua Palmer,WR,BUF,4.5,6.13
Cedric Tillman,WR,CLE,4.5,4.5
Gunner Olszewski,WR,NYG,4.42,4.42
Evan Hull,RB,NO,4.38,4.38
Rachaad White,RB,TB,4.37,4.37
Isaiah Bond,WR,CLE,4.36,4.36
Marvin Mims,WR,DEN,4.28,9.02
Xavier Weaver,WR,ARI,4.26,4.26
Josh Whyle,TE,GB,4.21,4.21
Will Dissly,TE,LAC,4.21,4.21
Rome Odunze,WR,CHI,4.2,9.45
Sean Tucker,RB,TB,4.16,4.16
Cedrick Wilson,WR,MIA,4.15,4.15
KaVontae Turpin,WR,DAL,4.14,4.14
Brian Robinson,RB,SF,4.06,4.06
Davis Allen,TE,LAR,4.02,8.52
Sal Cannella,TE,CLE,4.01,4.01
Tyler Lockett,WR,LV,3.98,3.98
Cole Kmet,TE,CHI,3.88,7.41
DeVonta Smith,WR,PHI,3.84,9.86
Jeremy McNichols,RB,WAS,3.84,3.84
James Proche,WR,TEN,3.79,3.79
A.J. Dillon,RB,PHI,3.76,3.76
Rasheen Ali,RB,BAL,3.75,3.75
David Sills,WR,ATL,3.74,3.74
Trayveon Williams,RB,CLE,3.65,3.65
Pat Bryant,WR,DEN,3.6,7.58
DeAndre Hopkins,WR,BAL,3.6,3.6
Ben Sinnott,TE,WAS,3.57,3.57
Jackson Hawes,TE,BUF,3.55,5.45
Jalen Brooks,WR,ARI,3.53,3.53
Tyler Higbee,TE,LAR,3.51,12.33
Demarcus Robinson,WR,SF,3.41,4.41
Dawson Knox,TE,BUF,3.34,6.9
Derius Davis,WR,LAC,3.31,3.31
Stone Smartt,TE,NYJ,3.31,3.31
Scotty Miller,WR,PIT,3.29,3.29
Justin Watson,WR,HOU,3.28,3.28
Tyler Conklin,TE,LAC,3.21,3.21
Noah Fant,TE,CIN,3.2,3.2
John Bates,TE,WAS,3.06,3.06
Jeremy Ruckert,TE,NYJ,3.02,3.02
Efton Chism,WR,NE,2.98,2.98
Michael Bandy,WR,DEN,2.96,6.24
LeQuint Allen,RB,JAX,2.96,2.96
Brittain Brown,RB,CHI,2.95,2.95
Kalif Raymond,WR,DET,2.93,2.93
Nick Westbrook-Ikhine,WR,MIA,2.92,2.92
Kylen Granson,TE,PHI,2.92,2.92
Mitchell Evans,TE,CAR,2.91,3.45
Ronnie Bell,WR,NO,2.89,2.89
Kendrick Bourne,WR,SF,2.87,4.3
Luke Musgrave,TE,GB,2.83,2.83
Elijah Higgins,TE,ARI,2.79,2.79
DK Metcalf,WR,PIT,2.74,6.61
Julian Hill,TE,MIA,2.73,2.73
Jahdae Walker,WR,CHI,2.73,4.06
Donovan Edwards,RB,MIA,2.65,2.65
Tim Patrick,WR,JAX,2.61,3.95
Noah Gray,TE,KC,2.6,2.6
Samori Toure,WR,NO,2.57,2.57
Lil'Jordan Humphrey,WR,DEN,2.56,5.39
Dont'e Thornton,WR,LV,2.47,2.47
Shane Zylstra,TE,DET,2.47,2.47
Elijah Moore,WR,DEN,2.44,5.14
Moliki Matavao,TE,NO,2.34,2.34
Devontez Walker,WR,BAL,2.33,2.33
Corey Kiner,RB,ARI,2.31,2.31
Jalen Tolbert,WR,DAL,2.3,2.3
Chris Moore,WR,WAS,2.21,2.21
Gage Larvadain,WR,CLE,2.2,2.2
Jimmy Horn,WR,CAR,2.19,2.19
Ian Thomas,TE,LV,2.06,2.06
Tanner Conner,TE,NYG,2.04,2.04
Anthony Firkser,TE,DET,2.01,2.01
Ben Yurosek,TE,MIN,1.97,1.97
Tutu Atwell,WR,LAR,1.95,4.24
Austin Hooper,TE,NE,1.9,6.08
Tanner Hudson,TE,CIN,1.85,1.85
Ameer Abdullah,RB,IND,1.77,1.77
Charlie Kolar,TE,BAL,1.67,1.67
Colson Yankoff,TE,WAS,1.64,1.64
David Martin-Robinson,TE,TEN,1.63,1.63
Zavier Scott,RB,MIN,1.61,1.61
Hassan Haskins,RB,LAC,1.59,1.59
Cade Stover,TE,HOU,1.57,1.57
Quentin Johnston,WR,LAC,1.55,5.0
Ricky Pearsall,WR,SF,1.5,3.94
Tez Johnson,WR,TB,1.46,1.46
Tahj Washington,WR,MIA,1.44,1.44
Charlie Woerner,TE,ATL,1.4,1.4
Chris Manhertz,TE,NYG,1.39,1.39
Ladd McConkey,WR,LAC,1.36,4.38
Zamir White,RB,LV,1.35,1.35
Dyami Brown,WR,JAX,1.34,2.78
DJ Giddens,RB,IND,1.33,1.33
Jared Wayne,WR,HOU,1.12,2.85
Dontayvion Wicks,WR,GB,0.84,2.72
Roman Wilson,WR,PIT,0.69,1.67
Brandin Cooks,WR,BUF,0.67,1.93
Jakobie Keeney-James,WR,GB,0.48,1.57
Dak Prescott,QB,DAL,0.0,20.0
Baker Mayfield,QB,TB,0.0,18.82
Jared Goff,QB,DET,0.0,18.82
Lamar Jackson,QB,BAL,0.0,18.33
Brock Purdy,QB,SF,0.0,28.2
Tyler Shough,QB,NO,0.0,18.16
Joe Burrow,QB,CIN,0.0,18.07
Caleb Williams,QB,CHI,0.0,34.26
Tanner McKee,QB,PHI,0.0,20.36
Sam Darnold,QB,SEA,0.0,31.35
Bo Nix,QB,DEN,0.0,33.97
Bryce Young,QB,CAR,0.0,19.98
Jacoby Brissett,QB,ARI,0.0,16.15
C.J. Stroud,QB,HOU,0.0,30.16
Shedeur Sanders,QB,CLE,0.0,15.56
Aaron Rodgers,QB,PIT,0.0,23.78
Kirk Cousins,QB,ATL,0.0,14.32
J.J. McCarthy,QB,MIN,0.0,14.21
Mitchell Trubisky,QB,BUF,0.0,19.17
Trey Lance,QB,LAC,0.0,15.33
Quinn Ewers,QB,MIA,0.0,13.32
Chris Oladokun,QB,KC,0.0,13.23
Riley Leonard,QB,IND,0.0,12.78
Cam Ward,QB,TEN,0.0,12.73
Josh Johnson,QB,WAS,0.0,12.71
Brady Cook,QB,NYJ,0.0,10.19
Kenny Pickett,QB,LV,0.0,8.57
Evan Engram,TE,DEN,0.0,9.33
Aidan O'Connell,QB,LV,0.0,3.93
Tyler Badie,RB,DEN,0.0,0.0
Adam Trautman,TE,DEN,0.0,0.0
Jalen Hurts,QB,PHI,0.0,19.69
De'Von Achane,RB,MIA,0.0,0.0
Justin Herbert,QB,LAC,0.0,8.56
Jayden Daniels,QB,WAS,0.0,0.0
Jordan Love,QB,GB,0.0,9.82
Jameis Winston,QB,NYG,0.0,0.0
Chris Olave,WR,NO,0.0,0.0
Malik Willis,QB,GB,0.0,8.32
Breece Hall,RB,NYJ,0.0,0.0
Mac Jones,QB,SF,0.0,6.02
Marcus Mariota,QB,WAS,0.0,0.0
Geno Smith,QB,LV,0.0,0.0
Tua Tagovailoa,QB,MIA,0.0,0.0
Joe Flacco,QB,CIN,0.0,0.0
Spencer Rattler,QB,NO,0.0,0.0
Davis Mills,QB,HOU,0.0,10.54
Philip Rivers,QB,IND,0.0,0.0
Tyrod Taylor,QB,NYJ,0.0,0.0
Jaylen Waddle,WR,MIA,0.0,0.0
Jake Browning,QB,CIN,0.0,0.0
Harold Fannin,TE,CLE,0.0,0.0
Aaron Jones,RB,MIN,0.0,0.0
Russell Wilson,QB,NYG,0.0,0.0
Tyler Huntley,QB,BAL,0.0,0.0
Alvin Kamara,RB,NO,0.0,0.0
Theo Johnson,TE,NYG,0.0,0.0
Dillon Gabriel,QB,CLE,0.0,0.0
Xavier Worthy,WR,KC,0.0,0.0
Albert Okwuegbunam,TE,LV,0.0,0.0
Isiah Pacheco,RB,KC,0.0,0.0
T.J. Hockenson,TE,MIN,0.0,0.0
David Njoku,TE,CLE,0.0,0.0
Sterling Shepard,WR,TB,0.0,0.0
Jake Tonges,TE,SF,0.0,2.25
Gunnar Helm,TE,TEN,0.0,0.0
Shane Buechele,QB,BUF,0.0,2.84
Andy Dalton,QB,CAR,0.0,0.81
Rashod Bateman,WR,BAL,0.0,0.0
Terrance Ferguson,TE,LAR,0.0,5.01
Joe Milton,QB,DAL,0.0,0.0
Jacoby Jones,WR,WAS,0.0,0.0
Hunter Long,TE,JAX,0.0,2.74
Mason Rudolph,QB,PIT,0.0,1.78
Xavier Restrepo,WR,TEN,0.0,0.0
Shedrick Jackson,WR,LV,0.0,0.0
Tyler Johnson,WR,NYJ,0.0,0.0
Robbie Chosen,WR,WAS,0.0,0.0
