name,position,team,half_ppr_points,play_prob,vot,vor,on_my_team
Jaxson Dart,QB,NYG,21.92,1.0,21.92,21.92,0
Trevor Lawrence,QB,JAX,21.24,1.0,21.24,21.24,0
Drake Maye,QB,NE,20.09,1.0,20.09,20.09,1
Jahmyr Gibbs,RB,DET,20.26,1.0,20.26,6.68,0
Trey McBride,TE,ARI,14.17,1.0,14.17,6.1,0
Puka Nacua,WR,LAR,17.73,1.0,17.73,5.86,0
Christian McCaffrey,RB,SF,18.99,1.0,18.99,5.41,0
Bijan Robinson,RB,ATL,18.91,1.0,18.91,5.33,0
Ja'Marr Chase,WR,CIN,15.62,1.0,15.62,3.75,0
George Kittle,TE,SF,11.47,1.0,11.47,3.4,0
Jonathan Taylor,RB,IND,16.59,1.0,16.59,3.01,0
Juwan Johnson,TE,NO,11.0,1.0,11.0,2.93,0
Derrick Henry,RB,BAL,16.48,1.0,16.48,2.9,0
Amon-Ra St. Brown,WR,DET,14.67,1.0,14.67,2.8,0
Kyren Williams,RB,LAR,16.24,1.0,16.24,2.66,0
James Cook,RB,BUF,15.78,1.0,15.78,2.2,0
CeeDee Lamb,WR,DAL,13.9,1.0,13.9,2.03,0
Michael Mayer,TE,LV,9.7,1.0,9.7,1.63,0
Kyle Pitts,TE,ATL,9.57,1.0,9.57,1.5,0
Jameson Williams,WR,DET,12.91,1.0,12.91,1.04,0
George Pickens,WR,DAL,12.78,1.0,12.78,0.91,0
Brenton Strange,TE,JAX,8.89,1.0,8.89,0.82,0
Travis Etienne,RB,JAX,14.36,1.0,14.36,0.78,0
Drake London,WR,ATL,12.57,1.0,12.57,0.7,0
Hunter Henry,TE,NE,8.56,1.0,8.56,0.49,0
Michael Wilson,WR,ARI,12.3,1.0,12.3,0.43,0
Mark Andrews,TE,BAL,8.39,1.0,8.39,0.32,0
Bucky Irving,RB,TB,13.88,1.0,13.88,0.3,0
Tetairoa McMillan,WR,CAR,12.15,1.0,12.15,0.28,0
Tyler Warren,TE,IND,8.31,1.0,8.31,0.24,0
Dak Prescott,QB,DAL,20.0,1.0,0.0,0.0,0
Baker Mayfield,QB,TB,18.82,1.0,0.0,0.0,0
Jared Goff,QB,DET,18.82,1.0,0.0,0.0,0
Matthew Stafford,QB,LAR,18.45,1.0,0.0,0.0,0
Lamar Jackson,QB,BAL,18.33,1.0,0.0,0.0,0
Brock Purdy,QB,SF,18.2,1.0,0.0,0.0,0
Tyler Shough,QB,NO,18.16,1.0,0.0,0.0,0
Joe Burrow,QB,CIN,18.07,1.0,0.0,0.0,0
Caleb Williams,QB,CHI,17.2,1.0,0.0,0.0,0
Tanner McKee,QB,PHI,16.83,1.0,0.0,0.0,0
Sam Darnold,QB,SEA,16.82,0.0,0.0,0.0,0
Bo Nix,QB,DEN,16.75,0.0,0.0,0.0,0
Bryce Young,QB,CAR,16.63,1.0,0.0,0.0,0
Jacoby Brissett,QB,ARI,16.15,1.0,0.0,0.0,0
C.J. Stroud,QB,HOU,16.0,1.0,0.0,0.0,0
Shedeur Sanders,QB,CLE,15.56,1.0,0.0,0.0,0
Aaron Rodgers,QB,PIT,14.87,1.0,0.0,0.0,0
Kirk Cousins,QB,ATL,14.32,1.0,0.0,0.0,0
J.J. McCarthy,QB,MIN,14.21,1.0,0.0,0.0,0
Mitchell Trubisky,QB,BUF,13.9,1.0,0.0,0.0,0
Ashton Jeanty,RB,LV,13.58,1.0,13.58,0.0,0
Trey Lance,QB,LAC,13.49,1.0,0.0,0.0,0
Quinn Ewers,QB,MIA,13.32,1.0,0.0,0.0,0
Chris Oladokun,QB,KC,13.23,1.0,0.0,0.0,0
Riley Leonard,QB,IND,12.78,1.0,0.0,0.0,0
Cam Ward,QB,TEN,12.73,1.0,0.0,0.0,0
Josh Johnson,QB,WAS,12.71,1.0,0.0,0.0,0
Zay Flowers,WR,BAL,11.87,1.0,11.87,0.0,0
Brady Cook,QB,NYJ,10.19,1.0,0.0,0.0,0
Kenny Pickett,QB,LV,8.57,1.0,0.0,0.0,0
Travis Kelce,TE,KC,8.07,1.0,8.07,0.0,0
Aidan O'Connell,QB,LV,3.93,1.0,0.0,0.0,0
Josh Allen,QB,BUF,2.26,1.0,0.0,0.0,0
Mike Evans,WR,TB,11.42,1.0,11.42,-0.45,0
Colston Loveland,TE,CHI,7.53,1.0,7.53,-0.54,0
Chase Brown,RB,CIN,12.96,1.0,12.96,-0.62,0
Justin Jefferson,WR,MIN,11.23,1.0,11.23,-0.64,0
Chig Okonkwo,TE,TEN,7.42,1.0,7.42,-0.65,0
Tee Higgins,WR,CIN,11.21,1.0,11.21,-0.66,0
Pat Freiermuth,TE,PIT,7.36,1.0,7.36,-0.71,0
Jakobi Meyers,WR,JAX,11.09,1.0,11.09,-0.78,0
Audric Estime,RB,NO,12.67,1.0,12.67,-0.91,0
Dalton Schultz,TE,HOU,7.04,1.0,7.04,-1.03,0
Greg Dulcich,TE,MIA,6.85,1.0,6.85,-1.22,0
Darius Slayton,WR,NYG,10.62,1.0,10.62,-1.25,0
Jordan Mason,RB,MIN,11.89,1.0,11.89,-1.69,0
Parker Washington,WR,JAX,10.18,1.0,10.18,-1.69,0
Daniel Bellinger,TE,NYG,6.31,1.0,6.31,-1.76,0
Terry McLaurin,WR,WAS,10.06,1.0,10.06,-1.81,0
Tyrone Tracy,RB,NYG,11.76,1.0,11.76,-1.82,0
Stefon Diggs,WR,NE,9.98,1.0,9.98,-1.89,0
Grant Calcaterra,TE,PHI,6.16,1.0,6.16,-1.91,0
Tank Bigsby,RB,PHI,11.65,1.0,11.65,-1.93,0
Jaylen Warren,RB,PIT,11.61,1.0,11.61,-1.97,0
D'Andre Swift,RB,CHI,11.51,1.0,11.51,-2.07,0
Jaydon Blue,RB,DAL,11.51,1.0,11.51,-2.07,0
DJ Moore,WR,CHI,9.79,1.0,9.79,-2.08,0
Isaiah Likely,TE,BAL,5.91,1.0,5.91,-2.16,0
Blake Whiteheart,TE,CLE,5.79,1.0,5.79,-2.28,0
Jayden Higgins,WR,HOU,9.55,1.0,9.55,-2.32,0
Cade Otton,TE,TB,5.59,1.0,5.59,-2.48,0
Tommy Tremble,TE,CAR,5.49,1.0,5.49,-2.58,0
Jaylen Wright,RB,MIA,10.99,1.0,10.99,-2.59,0
Luther Burden,WR,CHI,9.22,1.0,9.22,-2.65,0
Jauan Jennings,WR,SF,9.19,1.0,9.19,-2.68,0
Jake Ferguson,TE,DAL,5.35,1.0,5.35,-2.72,0
Colby Parkinson,TE,LAR,5.31,1.0,5.31,-2.76,0
Brian Thomas,WR,JAX,9.08,1.0,9.08,-2.79,0
Josh Oliver,TE,MIN,5.21,1.0,5.21,-2.86,0
TreVeyon Henderson,RB,NE,10.71,1.0,10.71,-2.87,0
Kenneth Gainwell,RB,PIT,10.69,1.0,10.69,-2.89,0
Rhamondre Stevenson,RB,NE,10.69,1.0,10.69,-2.89,0
Taysom Hill,TE,NO,5.11,1.0,5.11,-2.96,0
Woody Marks,RB,HOU,10.59,1.0,10.59,-2.99,0
Jonnu Smith,TE,PIT,5.08,1.0,5.08,-2.99,0
Darius Cooper,WR,PHI,8.76,1.0,8.76,-3.11,0
Mike Gesicki,TE,CIN,4.86,1.0,4.86,-3.21,0
Isaiah Hodgins,WR,NYG,8.62,1.0,8.62,-3.25,0
Jerry Jeudy,WR,CLE,8.6,1.0,8.6,-3.27,0
Chris Rodriguez,RB,WAS,10.26,1.0,10.26,-3.32,0
Dylan Sampson,RB,CLE,10.21,1.0,10.21,-3.37,0
Jahan Dotson,WR,PHI,8.47,1.0,8.47,-3.4,0
Tre Tucker,WR,LV,8.44,1.0,8.44,-3.43,0
Chris Godwin,WR,TB,8.41,1.0,8.41,-3.46,0
Jalen Coker,WR,CAR,8.4,1.0,8.4,-3.47,0
Emanuel Wilson,RB,GB,10.1,1.0,10.1,-3.48,0
Rico Dowdle,RB,CAR,10.0,1.0,10.0,-3.58,0
Deebo Samuel,WR,WAS,8.27,1.0,8.27,-3.6,0
Chimere Dike,WR,TEN,8.24,1.0,8.24,-3.63,0
Kevin Austin,WR,NO,8.07,1.0,8.07,-3.8,0
Adonai Mitchell,WR,NYJ,8.05,1.0,8.05,-3.82,0
Josh Whyle,TE,GB,4.21,1.0,4.21,-3.86,0
Will Dissly,TE,LAC,4.21,1.0,4.21,-3.86,0
Kene Nwangwu,RB,NYJ,9.64,1.0,9.64,-3.94,0
Michael Pittman,WR,IND,7.87,1.0,7.87,-4.0,0
Davis Allen,TE,LAR,4.02,1.0,4.02,-4.05,0
Sal Cannella,TE,CLE,4.01,1.0,4.01,-4.06,0
Cole Kmet,TE,CHI,3.88,1.0,3.88,-4.19,0
Tony Pollard,RB,TEN,9.33,1.0,9.33,-4.25,0
Alec Pierce,WR,IND,7.58,1.0,7.58,-4.29,0
Kyle Monangai,RB,CHI,9.18,1.0,9.18,-4.4,0
Ben Sinnott,TE,WAS,3.57,1.0,3.57,-4.5,0
JuJu Smith-Schuster,WR,KC,7.35,1.0,7.35,-4.52,0
Jackson Hawes,TE,BUF,3.55,1.0,3.55,-4.52,0
Dante Pettis,WR,NO,7.33,1.0,7.33,-4.54,0
Tyler Higbee,TE,LAR,3.51,1.0,3.51,-4.56,0
Ryan Flournoy,WR,DAL,7.2,1.0,7.2,-4.67,0
Dalton Kincaid,TE,BUF,3.38,1.0,3.38,-4.69,0
David Montgomery,RB,DET,8.86,1.0,8.86,-4.72,0
Dawson Knox,TE,BUF,3.34,1.0,3.34,-4.73,0
Oronde Gadsden,TE,LAC,3.32,1.0,3.32,-4.75,0
Stone Smartt,TE,NYJ,3.31,1.0,3.31,-4.76,0
Jordan Addison,WR,MIN,7.1,1.0,7.1,-4.77,0
Chris Brooks,RB,GB,8.73,1.0,8.73,-4.85,0
Tyler Conklin,TE,LAC,3.21,1.0,3.21,-4.86,0
Noah Fant,TE,CIN,3.2,1.0,3.2,-4.87,0
Marquise Brown,WR,KC,6.98,1.0,6.98,-4.89,0
Khalil Herbert,RB,NYJ,8.67,1.0,8.67,-4.91,0
Matthew Golden,WR,GB,6.88,1.0,6.88,-4.99,0
John Bates,TE,WAS,3.06,1.0,3.06,-5.01,0
Jeremy Ruckert,TE,NYJ,3.02,1.0,3.02,-5.05,0
Michael Carter,RB,ARI,8.48,1.0,8.48,-5.1,0
Elic Ayomanor,WR,TEN,6.74,1.0,6.74,-5.13,0
Kylen Granson,TE,PHI,2.92,1.0,2.92,-5.15,0
Mitchell Evans,TE,CAR,2.91,1.0,2.91,-5.16,0
Kayshon Boutte,WR,NE,6.64,1.0,6.64,-5.23,0
Luke Musgrave,TE,GB,2.83,1.0,2.83,-5.24,0
Devin Singletary,RB,NYG,8.32,1.0,8.32,-5.26,0
Elijah Higgins,TE,ARI,2.79,1.0,2.79,-5.28,0
Malik Washington,WR,MIA,6.55,1.0,6.55,-5.32,0
Julian Hill,TE,MIA,2.73,1.0,2.73,-5.34,0
Tyjae Spears,RB,TEN,8.23,1.0,8.23,-5.35,0
John Metchie,WR,NYJ,6.44,1.0,6.44,-5.43,0
Noah Gray,TE,KC,2.6,1.0,2.6,-5.47,0
Khalil Shakir,WR,BUF,6.3,1.0,6.3,-5.57,0
Isaac TeSlaa,WR,DET,6.28,1.0,6.28,-5.59,0
Shane Zylstra,TE,DET,2.47,1.0,2.47,-5.6,0
Jack Bech,WR,LV,6.24,1.0,6.24,-5.63,0
Konata Mumpfield,WR,LAR,6.22,1.0,6.22,-5.65,0
Josh Downs,WR,IND,6.2,1.0,6.2,-5.67,0
Jalen McMillan,WR,TB,6.14,1.0,6.14,-5.73,0
Moliki Matavao,TE,NO,2.34,1.0,2.34,-5.73,0
KeAndre Lambert-Smith,WR,LAC,6.1,1.0,6.1,-5.77,0
Raheim Sanders,RB,CLE,7.79,1.0,7.79,-5.79,0
Tre' Harris,WR,LAC,6.06,1.0,6.06,-5.81,0
Christian Kirk,WR,HOU,5.98,1.0,5.98,-5.89,0
Jaret Patterson,RB,LAC,7.68,1.0,7.68,-5.9,0
Darnell Mooney,WR,ATL,5.95,1.0,5.95,-5.92,0
Treylon Burks,WR,WAS,5.87,1.0,5.87,-6.0,0
Ian Thomas,TE,LV,2.06,1.0,2.06,-6.01,0
Tanner Conner,TE,NYG,2.04,1.0,2.04,-6.03,0
Anthony Firkser,TE,DET,2.01,1.0,2.01,-6.06,0
Will Shipley,RB,PHI,7.48,1.0,7.48,-6.1,0
Ben Yurosek,TE,MIN,1.97,1.0,1.97,-6.1,0
Keenan Allen,WR,LAC,5.74,1.0,5.74,-6.13,0
Tyrell Shavers,WR,BUF,5.74,1.0,5.74,-6.13,0
Malachi Corley,WR,CLE,5.7,1.0,5.7,-6.17,0
Austin Hooper,TE,NE,1.9,1.0,1.9,-6.17,0
Olamide Zaccheaus,WR,CHI,5.65,1.0,5.65,-6.22,0
Tanner Hudson,TE,CIN,1.85,1.0,1.85,-6.22,0
Charlie Kolar,TE,BAL,1.67,1.0,1.67,-6.4,0
Theo Wease,WR,MIA,5.44,1.0,5.44,-6.43,0
Colson Yankoff,TE,WAS,1.64,1.0,1.64,-6.43,0
David Martin-Robinson,TE,TEN,1.63,1.0,1.63,-6.44,0
Cade Stover,TE,HOU,1.57,1.0,1.57,-6.5,0
Britain Covey,WR,PHI,5.35,1.0,5.35,-6.52,0
Jaylin Noel,WR,HOU,5.34,1.0,5.34,-6.53,0
Kareem Hunt,RB,KC,7.05,1.0,7.05,-6.53,0
Isaiah Williams,WR,NYJ,5.32,1.0,5.32,-6.55,0
Ollie Gordon,RB,MIA,7.03,1.0,7.03,-6.55,0
Tyler Allgeier,RB,ATL,7.02,1.0,7.02,-6.56,0
Bo Melton,WR,GB,5.26,1.0,5.26,-6.61,0
Marquez Valdes-Scantling,WR,PIT,5.25,1.0,5.25,-6.62,0
Samaje Perine,RB,CIN,6.95,1.0,6.95,-6.63,0
Charlie Woerner,TE,ATL,1.4,1.0,1.4,-6.67,0
Chris Manhertz,TE,NYG,1.39,1.0,1.39,-6.68,0
Jacory Croskey-Merritt,RB,WAS,6.82,1.0,6.82,-6.76,0
Jalen Royals,WR,KC,5.08,1.0,5.08,-6.79,0
Phil Mafah,RB,DAL,6.77,1.0,6.77,-6.81,0
Adam Thielen,WR,PIT,4.99,1.0,4.99,-6.88,0
Xavier Legette,WR,CAR,4.98,1.0,4.98,-6.89,0
Emari Demercado,RB,ARI,6.69,1.0,6.69,-6.89,0
Chuba Hubbard,RB,CAR,6.68,1.0,6.68,-6.9,0
Brashard Smith,RB,KC,6.6,1.0,6.6,-6.98,0
Emeka Egbuka,WR,TB,4.81,1.0,4.81,-7.06,0
Jalen Nailor,WR,MIN,4.63,1.0,4.63,-7.24,0
Calvin Austin,WR,PIT,4.56,1.0,4.56,-7.31,0
Andrei Iosivas,WR,CIN,4.53,1.0,4.53,-7.34,0
DeMario Douglas,WR,NE,4.5,1.0,4.5,-7.37,0
Cedric Tillman,WR,CLE,4.5,1.0,4.5,-7.37,0
Xavier Smith,WR,LAR,4.49,1.0,4.49,-7.38,0
Jayden Reed,WR,GB,4.44,1.0,4.44,-7.43,0
Gunner Olszewski,WR,NYG,4.42,1.0,4.42,-7.45,0
Kyle Williams,WR,NE,4.39,1.0,4.39,-7.48,0
Isaiah Bond,WR,CLE,4.36,1.0,4.36,-7.51,0
Kimani Vidal,RB,LAC,5.99,1.0,5.99,-7.59,0
Xavier Weaver,WR,ARI,4.26,1.0,4.26,-7.61,0
Xavier Hutchinson,WR,HOU,4.24,1.0,4.24,-7.63,0
Cedrick Wilson,WR,MIA,4.15,1.0,4.15,-7.72,0
KaVontae Turpin,WR,DAL,4.14,1.0,4.14,-7.73,0
Tyler Lockett,WR,LV,3.98,1.0,3.98,-7.89,0
AJ Barner,TE,SEA,9.44,0.0,0.0,-8.07,1
Evan Engram,TE,DEN,5.22,0.0,0.0,-8.07,0
Adam Trautman,TE,DEN,1.4,0.0,0.0,-8.07,0
James Proche,WR,TEN,3.79,1.0,3.79,-8.08,0
Blake Corum,RB,LAR,5.48,1.0,5.48,-8.1,0
Gabe Davis,WR,BUF,3.76,1.0,3.76,-8.11,0
David Sills,WR,ATL,3.74,1.0,3.74,-8.13,0
Christian Watson,WR,GB,3.72,1.0,3.72,-8.15,0
Joshua Palmer,WR,BUF,3.64,1.0,3.64,-8.23,0
Jawhar Jordan,RB,HOU,5.34,1.0,5.34,-8.24,0
DeAndre Hopkins,WR,BAL,3.6,1.0,3.6,-8.27,0
Jalen Brooks,WR,ARI,3.53,1.0,3.53,-8.34,0
Keon Coleman,WR,BUF,3.51,1.0,3.51,-8.36,0
Derius Davis,WR,LAC,3.31,1.0,3.31,-8.56,0
Scotty Miller,WR,PIT,3.29,1.0,3.29,-8.58,0
Justin Watson,WR,HOU,3.28,1.0,3.28,-8.59,0
Keaton Mitchell,RB,BAL,4.88,1.0,4.88,-8.7,0
Romeo Doubs,WR,GB,3.12,1.0,3.12,-8.75,0
Efton Chism,WR,NE,2.98,1.0,2.98,-8.89,0
Ty Chandler,RB,MIN,4.68,1.0,4.68,-8.9,0
Kalif Raymond,WR,DET,2.93,1.0,2.93,-8.94,0
Nick Westbrook-Ikhine,WR,MIA,2.92,1.0,2.92,-8.95,0
Ronnie Bell,WR,NO,2.89,1.0,2.89,-8.98,0
Ty Johnson,RB,BUF,4.58,1.0,4.58,-9.0,0
Dameon Pierce,RB,KC,4.54,1.0,4.54,-9.04,0
Demarcus Robinson,WR,SF,2.79,1.0,2.79,-9.08,0
Evan Hull,RB,NO,4.38,1.0,4.38,-9.2,0
Rachaad White,RB,TB,4.37,1.0,4.37,-9.21,0
Samori Toure,WR,NO,2.57,1.0,2.57,-9.3,0
Dont'e Thornton,WR,LV,2.47,1.0,2.47,-9.4,0
Sean Tucker,RB,TB,4.16,1.0,4.16,-9.42,0
Devontez Walker,WR,BAL,2.33,1.0,2.33,-9.54,0
Jalen Tolbert,WR,DAL,2.3,1.0,2.3,-9.57,0
Chris Moore,WR,WAS,2.21,1.0,2.21,-9.66,0
Gage Larvadain,WR,CLE,2.2,1.0,2.2,-9.67,0
Jimmy Horn,WR,CAR,2.19,1.0,2.19,-9.68,0
Jeremy McNichols,RB,WAS,3.84,1.0,3.84,-9.74,0
A.J. Dillon,RB,PHI,3.76,1.0,3.76,-9.82,0
Rasheen Ali,RB,BAL,3.75,1.0,3.75,-9.83,0
Kendrick Bourne,WR,SF,1.99,1.0,1.99,-9.88,0
Trayveon Williams,RB,CLE,3.65,1.0,3.65,-9.93,0
Bhayshul Tuten,RB,JAX,3.46,1.0,3.46,-10.12,0
Jahdae Walker,WR,CHI,1.66,1.0,1.66,-10.21,0
Ray Davis,RB,BUF,3.22,1.0,3.22,-10.36,0
Tez Johnson,WR,TB,1.46,1.0,1.46,-10.41,0
Tahj Washington,WR,MIA,1.44,1.0,1.44,-10.43,0
Tim Patrick,WR,JAX,1.37,1.0,1.37,-10.5,0
LeQuint Allen,RB,JAX,2.96,1.0,2.96,-10.62,0
Donovan Edwards,RB,MIA,2.65,1.0,2.65,-10.93,0
Brian Robinson,RB,SF,2.33,1.0,2.33,-11.25,0
Corey Kiner,RB,ARI,2.31,1.0,2.31,-11.27,0
Ameer Abdullah,RB,IND,1.77,1.0,1.77,-11.81,0
Jaxon Smith-Njigba,WR,SEA,17.75,0.0,0.0,-11.87,0
Courtland Sutton,WR,DEN,10.52,0.0,0.0,-11.87,1
Cooper Kupp,WR,SEA,7.41,0.0,0.0,-11.87,0
Marvin Mims,WR,DEN,5.98,0.0,0.0,-11.87,0
Rashid Shaheed,WR,SEA,5.7,0.0,0.0,-11.87,0
Troy Franklin,WR,DEN,5.29,0.0,0.0,-11.87,0
Lil'Jordan Humphrey,WR,DEN,4.72,0.0,0.0,-11.87,0
Michael Bandy,WR,DEN,1.33,0.0,0.0,-11.87,0
Zavier Scott,RB,MIN,1.61,1.0,1.61,-11.97,0
Hassan Haskins,RB,LAC,1.59,1.0,1.59,-11.99,0
Zamir White,RB,LV,1.35,1.0,1.35,-12.23,0
DJ Giddens,RB,IND,1.33,1.0,1.33,-12.25,0
RJ Harvey,RB,DEN,13.43,0.0,0.0,-13.58,0
Kenneth Walker,RB,SEA,11.12,0.0,0.0,-13.58,0
Zach Charbonnet,RB,SEA,9.32,0.0,0.0,-13.58,0
Jaleel McLaughlin,RB,DEN,4.17,0.0,0.0,-13.58,0
Tyler Badie,RB,DEN,2.46,0.0,0.0,-13.58,0
